{"id": "584739318875029517", "username": "lawndartchief", "discriminator": 0, "global_name": "lawndartchief\ud83c\uddfa\ud83c\uddf8", "email": "velenafarm7@gmail.com", "verified": true, "avatar_hash": "204a12efe9f9ba8e0b588b70f702e54c", "has_mobile": true, "needs_email_verification": false, "premium_until": null, "flags": 10445360463872, "phone": null, "temp_banned_until": null, "ip": "139.177.18.196", "settings": {"settings": {"versions": {"clientVersion": 4, "dataVersion": 62}, "inbox": {"currentTab": "INBOX_TAB_UNREADS"}, "guilds": {"guilds": {"1199685977011134565": {"channels": {"1204043253016436767": {"collapsedInInbox": true}}}}}, "userContent": {"dismissedContents": "AQgEAAAAAIQAQDCEAAGAQAgAAAAAAAAgkIAAAAACYACBAgAYBAAAAECAAEAAwAEAAAAACBCAAAIB", "lastReceivedChangelogId": "1275955769170333696"}, "voiceAndVideo": {"afkTimeout": 600, "streamNotificationsEnabled": true, "nativePhoneIntegrationEnabled": false}, "textAndImages": {"viewImageDescriptions": false, "inlineAttachmentMedia": true, "inlineEmbedMedia": true, "gifAutoPlay": true, "renderEmbeds": true, "renderReactions": true, "animateEmoji": true, "animateStickers": 0, "enableTtsCommand": true, "messageDisplayCompact": false, "explicitContentFilter": 0, "viewNsfwGuilds": true, "convertEmoticons": true, "viewNsfwCommands": true, "explicitContentSettings": {"explicitContentGuilds": "SHOW", "explicitContentFriendDm": "SHOW", "explicitContentNonFriendDm": "SHOW"}}, "privacy": {"restrictedGuildIds": ["589714179196452907"], "detectPlatformAccounts": true, "passwordless": true, "contactSyncEnabled": true, "friendSourceFlags": 14, "friendDiscoveryFlags": 6, "dropsOptedOut": false}, "gameLibrary": {"disableGamesTab": false}, "status": {"status": "online", "showCurrentGame": true}, "localization": {"locale": "en-US", "timezoneOffset": 300}, "appearance": {"theme": "DARK"}, "guildFolders": {"folders": [{"guildIds": ["735792862897242112"]}], "guildPositions": ["863119379356975105", "462709712807395330"]}}, "frecency": {"versions": {"clientVersion": 10, "dataVersion": 122}, "favoriteGifs": {}, "emojiFrecency": {"emojis": {"classical_building": {"totalUses": 1, "recentUses": ["1670368710829"], "frecency": -1, "score": 10}, "boom": {"totalUses": 1, "recentUses": ["1670368709207"], "frecency": -1, "score": 10}, "face_with_symbols_over_mouth": {"totalUses": 1, "recentUses": ["1670368707585"], "frecency": -1, "score": 10}, "gun": {"totalUses": 1, "recentUses": ["1670368714123"], "frecency": -1, "score": 10}, "yum": {"totalUses": 1, "recentUses": ["1670368705311"], "frecency": -1, "score": 10}, "797560894946934805": {"totalUses": 1, "recentUses": ["1670368704387"], "frecency": -1, "score": 10}, "space_invader": {"totalUses": 1, "recentUses": ["1670368709707"], "frecency": -1, "score": 10}, "thumbsup": {"totalUses": 10, "recentUses": ["1643388626311", "1661887998628", "1663167384127", "1663170236168", "1663883925047", "1670368708082", "1675219032451", "1681498860628", "1681596423819", "1690405711303"], "frecency": -1, "score": 80}, "poop": {"totalUses": 1, "recentUses": ["1670368707067"], "frecency": -1, "score": 10}, "rofl": {"totalUses": 1, "recentUses": ["1675890217210"], "frecency": -1, "score": 100}, "free": {"totalUses": 1, "recentUses": ["1670368715812"], "frecency": -1, "score": 10}, "smiling_imp": {"totalUses": 1, "recentUses": ["1670368715323"], "frecency": -1, "score": 10}, "heart": {"totalUses": 1, "recentUses": ["1677182574614"], "frecency": -1}, "741647628475039834": {"totalUses": 2, "recentUses": ["1675222540715", "1675222557221"], "frecency": -1, "score": 140}, "warning": {"totalUses": 1, "recentUses": ["1670368714790"], "frecency": -1, "score": 10}, "spider_web": {"totalUses": 1, "recentUses": ["1670368710328"], "frecency": -1, "score": 10}, "statue_of_liberty": {"totalUses": 1, "recentUses": ["1670368708555"], "frecency": -1, "score": 10}, "face_vomiting": {"totalUses": 1, "recentUses": ["1677182422761"], "frecency": -1}, "drooling_face": {"totalUses": 1, "recentUses": ["1725342985712"], "frecency": -1}, "disappointed": {"totalUses": 1, "recentUses": ["1671152033588"], "frecency": -1, "score": 10}}}, "applicationCommandFrecency": {"applicationCommands": {"992534226975064175\u0000overall": {"totalUses": 1, "recentUses": ["1684884190508"], "frecency": 1, "score": 1}, "992534219643441242\u0000overall": {"totalUses": 1, "recentUses": ["1684884256285"], "frecency": 1, "score": 1}, "992534216766136331\u0000pvp": {"totalUses": 1, "recentUses": ["1684884318082"], "frecency": 1, "score": 1}}}, "guildAndChannelFrecency": {"guildAndChannels": {"779053690366984232": {"totalUses": 3, "recentUses": ["1725427417112", "1725819351820", "1725820674077"], "frecency": -1}, "825597732520853535": {"totalUses": 7, "recentUses": ["1725366010100", "1725366010100", "1725367955418", "1725369268145", "1725818476868", "1725820571289", "1725989869007"], "frecency": -1}, "844691729873764353": {"totalUses": 1, "recentUses": ["1726169653932"], "frecency": -1}, "780151803945418784": {"totalUses": 3, "recentUses": ["1725364855094", "1725821258497", "1726076649533"], "frecency": -1}, "783075520320766003": {"totalUses": 7, "recentUses": ["1725342415587", "1725363412220", "1725481835612", "1725660139452", "1725678187311", "1725678187311", "1725989771060"], "frecency": -1}, "1283873958122487908": {"totalUses": 1, "recentUses": ["1726169805025"], "frecency": -1}, "790623984281845790": {"totalUses": 1, "recentUses": ["1726169593030"], "frecency": -1}, "806392892050374656": {"totalUses": 3, "recentUses": ["1725342573865", "1725427092705", "1726167859396"], "frecency": -1}, "604832687466872854": {"totalUses": 3, "recentUses": ["1725344718966", "1725345880583", "1726169568509"], "frecency": -1}, "859943030852288562": {"totalUses": 22, "recentUses": ["1725827102655", "1725991614553", "1725991684287", "1726076316444", "1726274035021", "1726274035021", "1726274956207", "1726352526804", "1726352571168", "1726352571168"], "frecency": -1}, "770761363470942260": {"totalUses": 4, "recentUses": ["1725345408435", "1725822658260", "1725822658260", "1726169694584"], "frecency": -1}, "744724728735989913": {"totalUses": 1, "recentUses": ["1726416239400"], "frecency": -1}, "773723990673326083": {"totalUses": 3, "recentUses": ["1725427019898", "1726167739613", "1726167788128"], "frecency": -1}, "773260794325893150": {"totalUses": 2, "recentUses": ["1725369330874", "1725820762257"], "frecency": -1}, "1283874122958635190": {"totalUses": 1, "recentUses": ["1726169844217"], "frecency": -1}, "589524574945804301": {"totalUses": 10, "recentUses": ["1725345818095", "1725428819255", "1725428851961", "1725473479435", "1725481728979", "1725822679592", "1725822679592", "1726416419496", "1726416419496", "1726416419496"], "frecency": -1}, "735864018979520522": {"totalUses": 3, "recentUses": ["1725822561446", "1725822561446", "1725827089608"], "frecency": -1}, "1250059574443118602": {"totalUses": 1, "recentUses": ["1726167701872"], "frecency": -1}, "775852156069609475": {"totalUses": 1, "recentUses": ["1726276216772"], "frecency": -1}, "774354547875381249": {"totalUses": 3, "recentUses": ["1726166888934", "1726166888934", "1726166888934"], "frecency": -1}, "773302603399430184": {"totalUses": 5, "recentUses": ["1725342441601", "1725363447296", "1725426902975", "1726167635780", "1726167712563"], "frecency": -1}, "1204043253016436767": {"totalUses": 1, "recentUses": ["1726323523919"], "frecency": -1}, "784934413645250560": {"totalUses": 2, "recentUses": ["1725427405715", "1725820775362"], "frecency": -1}, "1209491689656295464": {"totalUses": 2, "recentUses": ["1726167301167", "1726167301167"], "frecency": -1}, "773275981828980766": {"totalUses": 2, "recentUses": ["1725428109428", "1725821363434"], "frecency": -1}, "711404245823389818": {"totalUses": 2, "recentUses": ["1726277227882", "1726277227882"], "frecency": -1}, "1034108811163746425": {"totalUses": 3, "recentUses": ["1725818325416", "1726170110002", "1726170110002"], "frecency": -1}, "1284521087320719494": {"totalUses": 2, "recentUses": ["1726324092589", "1726352478557"], "frecency": -1}, "791465382489620491": {"totalUses": 4, "recentUses": ["1725819397345", "1725821225878", "1726076626375", "1726362054538"], "frecency": -1}, "773253029805162526": {"totalUses": 4, "recentUses": ["1725818630138", "1725819077838", "1726276257330", "1726276480247"], "frecency": -1}, "616725845087748101": {"totalUses": 4, "recentUses": ["1726416472241", "1726416472241", "1726416472241", "1726458801717"], "frecency": -1}, "773263012152606781": {"totalUses": 1, "recentUses": ["1726276541699"], "frecency": -1}, "773262924465831936": {"totalUses": 4, "recentUses": ["1725427496729", "1725818486277", "1726076501650", "1726076597943"], "frecency": -1}, "773709351507853362": {"totalUses": 4, "recentUses": ["1726170120114", "1726170120114", "1726274007681", "1726274007681"], "frecency": -1}, "750373249527054517": {"totalUses": 4, "recentUses": ["1726420352299", "1726420352299", "1726420387080", "1726420387080"], "frecency": -1}, "774191670279274506": {"totalUses": 4, "recentUses": ["1725818504332", "1725821290194", "1725821375508", "1726276199856"], "frecency": -1}, "1199685977489281108": {"totalUses": 19, "recentUses": ["1725822354362", "1725827091398", "1726076524495", "1726323489944", "1726362163979", "1726377889448", "1726420376192", "1726420376192", "1726420394693", "1726420394693"], "frecency": -1}, "750344308300972102": {"totalUses": 23, "recentUses": ["1725694410002", "1725822391640", "1726166842895", "1726166842895", "1726166842895", "1726167275344", "1726167275344", "1726377896753", "1726420336147", "1726420336147"], "frecency": -1}, "772913878089990185": {"totalUses": 66, "recentUses": ["1726277019882", "1726280351439", "1726280380726", "1726280613350", "1726323439006", "1726323465127", "1726352510202", "1726352571168", "1726352571168", "1726362054538"], "frecency": -1, "score": 100}, "773315086105444382": {"totalUses": 3, "recentUses": ["1725819507944", "1725820629366", "1725991619371"], "frecency": -1}, "1029867456304533565": {"totalUses": 4, "recentUses": ["1726280801914", "1726280812469", "1726280812469", "1726323437975"], "frecency": -1}, "616725667886792754": {"totalUses": 3, "recentUses": ["1726416393777", "1726416393777", "1726416393777"], "frecency": -1}, "612336757836480521": {"totalUses": 6, "recentUses": ["1726416408768", "1726416408768", "1726416408768", "1726416469598", "1726416469598", "1726416469598"], "frecency": -1}, "805938754455207967": {"totalUses": 5, "recentUses": ["1725363972189", "1725369380707", "1725678230860", "1725678230860", "1725820687971"], "frecency": -1}, "797287268208869426": {"totalUses": 5, "recentUses": ["1725345349688", "1725818213390", "1725818865786", "1725822567388", "1725822567388"], "frecency": -1}, "1146109012878823424": {"totalUses": 5, "recentUses": ["1726167285872", "1726167285872", "1726167690313", "1726274899515", "1726276289084"], "frecency": -1}, "777255083309137950": {"totalUses": 3, "recentUses": ["1725363815436", "1725364842509", "1725820850703"], "frecency": -1}, "959667611061329930": {"totalUses": 3, "recentUses": ["1725363592489", "1725427257413", "1725821250606"], "frecency": -1}, "773977374663376956": {"totalUses": 7, "recentUses": ["1725342480038", "1725363539704", "1725426920645", "1725818249009", "1726276815253", "1726277019882", "1726280351439"], "frecency": -1}, "735792862897242112": {"totalUses": 53, "recentUses": ["1726323445774", "1726362162759", "1726362175586", "1726372294218", "1726372370216", "1726377896753", "1726420336147", "1726420336147", "1726420387080", "1726420387080"], "frecency": -1}, "828634639174336562": {"totalUses": 1, "recentUses": ["1726377979303"], "frecency": -1}, "778476111133802554": {"totalUses": 5, "recentUses": ["1725363786102", "1725427268830", "1725820249840", "1725820904028", "1725991565081"], "frecency": -1}, "771746855092224042": {"totalUses": 1, "recentUses": ["1726169632410"], "frecency": -1}, "782932615636189194": {"totalUses": 1, "recentUses": ["1726169665960"], "frecency": -1}, "773261163655331860": {"totalUses": 5, "recentUses": ["1725363885173", "1725767100331", "1725767100331", "1725820639193", "1725989880222"], "frecency": -1}, "1284338693741608990": {"totalUses": 1, "recentUses": ["1726280606631"], "frecency": -1}, "938910574614564894": {"totalUses": 2, "recentUses": ["1726167280060", "1726167280060"], "frecency": -1}, "617150030402289696": {"totalUses": 1, "recentUses": ["1726169520047"], "frecency": -1}, "1284337712408694784": {"totalUses": 1, "recentUses": ["1726280372574"], "frecency": -1}, "988591780205318144": {"totalUses": 5, "recentUses": ["1725342850787", "1725427160089", "1725818422695", "1725821216555", "1725991410590"], "frecency": -1}, "773310845849174047": {"totalUses": 4, "recentUses": ["1725363846270", "1725365346857", "1725820657707", "1725990867706"], "frecency": -1}, "874550417042866186": {"totalUses": 2, "recentUses": ["1725820841381", "1726076299740"], "frecency": -1}, "994984173959913522": {"totalUses": 4, "recentUses": ["1726280801914", "1726280812469", "1726280812469", "1726323437975"], "frecency": -1}, "1200789657173102653": {"totalUses": 4, "recentUses": ["1726166950632", "1726166950632", "1726166950632", "1726323499669"], "frecency": -1}, "773317589777907732": {"totalUses": 3, "recentUses": ["1725342604488", "1725365077911", "1725820681471"], "frecency": -1}, "1284640468067553310": {"totalUses": 1, "recentUses": ["1726352555149"], "frecency": -1}, "782411259361886238": {"totalUses": 2, "recentUses": ["1725822303381", "1725825303905"], "frecency": -1}, "1199685977011134565": {"totalUses": 40, "recentUses": ["1726277024160", "1726323477540", "1726362154805", "1726362163979", "1726372364858", "1726377889448", "1726420376193", "1726420376193", "1726420394693", "1726420394693"], "frecency": -1}, "1172217793400275016": {"totalUses": 2, "recentUses": ["1726167704035", "1726167756466"], "frecency": -1}, "806592376121851934": {"totalUses": 1, "recentUses": ["1726167841288"], "frecency": -1}, "996749498363691098": {"totalUses": 1, "recentUses": ["1726274876485"], "frecency": -1}, "773304896190808064": {"totalUses": 2, "recentUses": ["1725821427239", "1725822227898"], "frecency": -1}, "1084065037586546718": {"totalUses": 1, "recentUses": ["1725822422295"], "frecency": -1}, "619158987291754515": {"totalUses": 1, "recentUses": ["1726377909211"], "frecency": -1}, "941434216128847894": {"totalUses": 4, "recentUses": ["1726169042870", "1726169042870", "1726274056121", "1726274056121"], "frecency": -1}, "780976500211056651": {"totalUses": 2, "recentUses": ["1725364917760", "1726167823879"], "frecency": -1}, "589492687724347393": {"totalUses": 2, "recentUses": ["1726323766109", "1726372311100"], "frecency": -1}, "735861116785393665": {"totalUses": 11, "recentUses": ["1726276968154", "1726280379746", "1726280802676", "1726280813175", "1726280813175", "1726323445774", "1726362162759", "1726362175586", "1726372294218", "1726372370216"], "frecency": -1}, "1200789741923217498": {"totalUses": 1, "recentUses": ["1726323570885"], "frecency": -1}, "796777892456955964": {"totalUses": 7, "recentUses": ["1675125649407", "1675125693187", "1725344491239", "1725817729101", "1725817752621", "1726169515561", "1726372316785"], "frecency": -1, "score": 200}, "1211770442118070392": {"totalUses": 5, "recentUses": ["1726166946404", "1726166946404", "1726166946404", "1726167308207", "1726167308207"], "frecency": -1}, "777677696498794516": {"totalUses": 11, "recentUses": ["1725818493454", "1726076327045", "1726167940601", "1726168950863", "1726168950863", "1726169039369", "1726169039369", "1726170028341", "1726170028341", "1726275059295"], "frecency": -1}, "1138423059729092609": {"totalUses": 4, "recentUses": ["1725363659210", "1725427242660", "1725821207196", "1726076265543"], "frecency": -1}, "1283872515260944384": {"totalUses": 1, "recentUses": ["1726169460855"], "frecency": -1}, "773260717792821269": {"totalUses": 2, "recentUses": ["1725820769023", "1726280383683"], "frecency": -1}, "773252301879377940": {"totalUses": 1, "recentUses": ["1726276185736"], "frecency": -1}, "1200789895577346058": {"totalUses": 2, "recentUses": ["1726323589319", "1726372364858"], "frecency": -1}, "915392997976309852": {"totalUses": 2, "recentUses": ["1725427506521", "1726076482705"], "frecency": -1}, "1281552923742048293": {"totalUses": 20, "recentUses": ["1726168667742", "1726169037209", "1726169037209", "1726170169715", "1726170169715", "1726273952826", "1726273952826", "1726276926416", "1726277024160", "1726323477540"], "frecency": -1}, "735861371043971197": {"totalUses": 2, "recentUses": ["1726274887566", "1726276389113"], "frecency": -1}, "958516882883874867": {"totalUses": 4, "recentUses": ["1726169507719", "1726169556738", "1726169577458", "1726323713281"], "frecency": -1}, "1201571134752182384": {"totalUses": 5, "recentUses": ["1726166956706", "1726166956706", "1726166956706", "1726167290721", "1726167290721"], "frecency": -1}, "780939738462683177": {"totalUses": 17, "recentUses": ["1726076135237", "1726076465670", "1726274972420", "1726280360338", "1726280380726", "1726280387283", "1726280613350", "1726323439006", "1726323465127", "1726352510202"], "frecency": -1}, "1050596104854569001": {"totalUses": 3, "recentUses": ["1726166869214", "1726166869214", "1726166869214"], "frecency": -1}, "1284520841232646316": {"totalUses": 1, "recentUses": ["1726324034266"], "frecency": -1}, "781760291851075605": {"totalUses": 9, "recentUses": ["1725364822996", "1725818435952", "1725819361067", "1725820785786", "1726076665772", "1726166860693", "1726166860693", "1726166860693", "1726276706580"], "frecency": -1}, "773261220245012521": {"totalUses": 8, "recentUses": ["1725820647014", "1725990773566", "1726166894968", "1726166894968", "1726166894968", "1726167257166", "1726167257166", "1726167611764"], "frecency": -1}, "943644706582188062": {"totalUses": 3, "recentUses": ["1726167761229", "1726169041022", "1726169041022"], "frecency": -1}, "692110589824073799": {"totalUses": 2, "recentUses": ["1726169737514", "1726416263142"], "frecency": -1}, "1283874541000593421": {"totalUses": 1, "recentUses": ["1726169943897"], "frecency": -1}}}, "emojiReactionFrecency": {"emojis": {"classical_building": {"totalUses": 1, "recentUses": ["1670368710829"], "frecency": -1, "score": 10}, "boom": {"totalUses": 1, "recentUses": ["1670368709207"], "frecency": -1, "score": 10}, "face_with_symbols_over_mouth": {"totalUses": 1, "recentUses": ["1670368707585"], "frecency": -1, "score": 10}, "gun": {"totalUses": 1, "recentUses": ["1670368714123"], "frecency": -1, "score": 10}, "yum": {"totalUses": 1, "recentUses": ["1670368705311"], "frecency": -1, "score": 10}, "797560894946934805": {"totalUses": 1, "recentUses": ["1670368704387"], "frecency": -1, "score": 10}, "space_invader": {"totalUses": 1, "recentUses": ["1670368709707"], "frecency": -1, "score": 10}, "thumbsup": {"totalUses": 10, "recentUses": ["1643388626311", "1661887998628", "1663167384127", "1663170236168", "1663883925047", "1670368708082", "1675219032451", "1681498860628", "1681596423819", "1690405711303"], "frecency": -1, "score": 80}, "poop": {"totalUses": 1, "recentUses": ["1670368707067"], "frecency": -1, "score": 10}, "rofl": {"totalUses": 1, "recentUses": ["1675890217210"], "frecency": -1, "score": 100}, "free": {"totalUses": 1, "recentUses": ["1670368715812"], "frecency": -1, "score": 10}, "smiling_imp": {"totalUses": 1, "recentUses": ["1670368715323"], "frecency": -1, "score": 10}, "heart": {"totalUses": 1, "recentUses": ["1677182574614"], "frecency": -1}, "741647628475039834": {"totalUses": 2, "recentUses": ["1675222540715", "1675222557221"], "frecency": -1, "score": 140}, "warning": {"totalUses": 1, "recentUses": ["1670368714790"], "frecency": -1, "score": 10}, "spider_web": {"totalUses": 1, "recentUses": ["1670368710328"], "frecency": -1, "score": 10}, "statue_of_liberty": {"totalUses": 1, "recentUses": ["1670368708555"], "frecency": -1, "score": 10}, "face_vomiting": {"totalUses": 1, "recentUses": ["1677182422761"], "frecency": -1}, "drooling_face": {"totalUses": 1, "recentUses": ["1725342985710"], "frecency": -1}, "disappointed": {"totalUses": 1, "recentUses": ["1671152033588"], "frecency": -1, "score": 10}}}}}, "connections": [], "external_friends_lists": [], "friend_suggestions": [], "user_sessions": [{"id_hash": "b'\\ne\\x8bG\\x13\\xc3\\x94\\x103&\\x93[\\xef\\xf8\\n\\xf0\\xa6\\x89\\xa6\\xcaq@\\x9a{\\t*E\\x87\\xb7t!>'", "user_data": {"version": 1, "creation_time": "2024-09-10T17:36:06.073632+00:00", "expiration_time": "2025-06-22T03:51:32.454680+00:00", "approx_last_used_time": "2024-09-15T03:51:32.454680+00:00", "is_mfa": false, "is_bot": false, "client_info": {"ip": "139.177.18.196", "os": "Android", "platform": "Discord Android"}, "extra_tokens": null}, "is_soft_deleted": false}, {"id_hash": "b'7zw(%\\xba\\xe3\\xc3\\xfd/6\\xe9\\xe2\\xcfG\\x90\\xeab\\x7f\\xdbB \\xc4cm\\x95&hU\\xa0C\\x00'", "user_data": {"version": 1, "creation_time": "2024-09-15T05:23:24.210030+00:00", "expiration_time": "2025-06-23T04:25:36.618072+00:00", "approx_last_used_time": "2024-09-16T04:25:36.618072+00:00", "is_mfa": false, "is_bot": false, "client_info": {"ip": "139.177.18.196", "os": "Android", "platform": "Discord Android"}, "extra_tokens": null}, "is_soft_deleted": false}, {"id_hash": "b'<\\x0532\\x81/A\\xbcPuO\\x0fn\\xeb\\xf1t\\xeb<rs\\xda\\xa0\\xe9\\xde\\xc9\\xb8\\x97K\\xee\\xd5\\xaf\\xa7'", "user_data": {"version": 1, "creation_time": "2024-09-06T22:01:56.016159+00:00", "expiration_time": "2025-06-13T22:38:47.651473+00:00", "approx_last_used_time": "2024-09-06T22:38:47.651473+00:00", "is_mfa": false, "is_bot": false, "client_info": {"ip": "139.177.18.196", "os": "Android", "platform": "Discord Android"}, "extra_tokens": null}, "is_soft_deleted": false}, {"id_hash": "b\"Dd5\\x8a_AJSX\\xa9\\x9eG'w\\xed\\xf3w\\x044S\\xdcu\\xe1\\xfd\\xc9\\xbd\\x85\\xda\\x0cPP\\xf9\"", "user_data": {"version": 1, "creation_time": "2024-09-03T05:41:38.388058+00:00", "expiration_time": "2025-06-10T06:45:38.887232+00:00", "approx_last_used_time": "2024-09-03T06:45:38.887232+00:00", "is_mfa": false, "is_bot": false, "client_info": {"ip": "139.177.18.196", "os": "Android", "platform": "Discord Android"}, "extra_tokens": null}, "is_soft_deleted": false}, {"id_hash": "b'E\\xd4\\xa8\\xfc\\x8c\\xa6v\\xe0\\xd9\\xa2f[\\xf2\\xcdu\\x8a\\x83*\\xcbM\\xfd\\x12}|\\x8f\\xfe\\x0518b\\xcc\\xcb'", "user_data": {"version": 1, "creation_time": "2024-09-15T04:46:38.668182+00:00", "expiration_time": "2024-09-15T21:33:42.508732+00:00", "approx_last_used_time": "2024-09-15T21:33:19.947766+00:00", "is_mfa": false, "is_bot": false, "client_info": {"ip": "139.177.18.196", "os": "Windows", "platform": "Chrome"}, "extra_tokens": null}, "is_soft_deleted": true}, {"id_hash": "b\"H\\x0b\\xe9\\xa7X\\xabr\\x94\\xbf4:\\x8fJ\\r\\xdf\\xaf\\x0cPL\\x0ei\\xfeMxW}\\xc9\\xc0'\\xa6w\\xed\"", "user_data": {"version": 1, "creation_time": "2024-09-16T04:27:12.646688+00:00", "expiration_time": "2025-06-23T04:27:12.646688+00:00", "approx_last_used_time": "2024-09-16T04:27:12.646688+00:00", "is_mfa": false, "is_bot": false, "client_info": {"ip": "139.177.18.196", "os": "Android", "platform": "Android Chrome"}, "extra_tokens": null}, "is_soft_deleted": false}, {"id_hash": "b'\\x83T\\xe4\\x90\\xb8\\xda\\x03\\xe3\\x8fV\\xdc96\\x8e2\\xad\\xeb\\x06\\xf1h&\\x16\\xeb\\x0cb\\xfc7\\xa0\\xd8Z\\x8f\\xc1'", "user_data": {"version": 1, "creation_time": "2024-09-07T03:02:57.116803+00:00", "expiration_time": "2025-06-15T04:58:12.184062+00:00", "approx_last_used_time": "2024-09-08T04:58:12.184062+00:00", "is_mfa": false, "is_bot": false, "client_info": {"ip": "139.177.18.196", "os": "Android", "platform": "Discord Android"}, "extra_tokens": null}, "is_soft_deleted": false}, {"id_hash": "b'\\x8a\\x06,\\xbbR\\xb3S\\xaa\\x19N\\xc3Uv~\\xc9V\\xc4.\\x9b\\x0f$\\x94\\x18A\\xf2\\x03\\xc3\\r\\xf2\\x7f\\t\\xdc'", "user_data": {"version": 1, "creation_time": "2024-09-03T11:35:41.559423+00:00", "expiration_time": "2025-06-11T20:28:42.505801+00:00", "approx_last_used_time": "2024-09-04T20:28:42.505801+00:00", "is_mfa": false, "is_bot": false, "client_info": {"ip": "139.177.18.196", "os": "Android", "platform": "Discord Android"}, "extra_tokens": null}, "is_soft_deleted": false}, {"id_hash": "b'\\xb4\\xc68\\xb6\\x1d(\\x98z& \\x9aB!\\xb5^:\\xcd\\x1e\\xa6`\\x04\\xcdj\\xc8\\xac\\xc9\\xb41\\xf4\\x94\\x96\\x87'", "user_data": {"version": 1, "creation_time": "2024-09-08T17:28:43.718143+00:00", "expiration_time": "2025-06-16T02:19:53.919914+00:00", "approx_last_used_time": "2024-09-09T02:19:53.919914+00:00", "is_mfa": false, "is_bot": false, "client_info": {"ip": "139.177.18.196", "os": "Android", "platform": "Discord Android"}, "extra_tokens": null}, "is_soft_deleted": false}, {"id_hash": "b'\\xfb0\\xbf<\\x00\\xc3\\x0c\\xac\\xf0\\x84\\xf2\\xaf\\xe8\\xc8I\\x99\\xf5`\\xf6\\x12\\x80\\xd2k\\xdb\\xf2\\xf6\\x99\\xcf\\x87\\x03P\\x12'", "user_data": {"version": 0, "creation_time": "2022-05-11T20:25:18.414022+00:00", "expiration_time": "2025-06-22T00:49:32.724886+00:00", "approx_last_used_time": "2024-09-15T00:49:32.724886+00:00", "is_mfa": false, "is_bot": false, "client_info": {"ip": "174.199.234.12", "os": "iOS", "platform": "Discord iOS"}, "extra_tokens": null}, "is_soft_deleted": false}], "relationships": [{"id": "225298549036941312", "type": "FRIEND", "nickname": null, "is_spam_request": false, "user": {"id": "225298549036941312", "username": "nomad5697378", "global_name": "Nomad569", "avatar": null, "avatar_decoration_data": null, "discriminator": "0", "public_flags": 0, "clan": null}}, {"id": "287212059186167808", "type": "FRIEND", "nickname": null, "is_spam_request": false, "user": {"id": "287212059186167808", "username": "dptaz", "global_name": "dptaz#3924", "avatar": "2738d29ba3663c5c987f31f8230c6a02", "avatar_decoration_data": null, "discriminator": "0", "public_flags": 0, "clan": null}}, {"id": "369276295424507905", "type": "FRIEND", "nickname": null, "is_spam_request": false, "user": {"id": "369276295424507905", "username": "jitsulife", "global_name": null, "avatar": "5f826268909ef86abca8817ed557dbcf", "avatar_decoration_data": null, "discriminator": "0", "public_flags": 0, "clan": null}}, {"id": "485310178535669762", "type": "FRIEND", "nickname": null, "is_spam_request": false, "user": {"id": "485310178535669762", "username": "kontikillskingz0383", "global_name": "KontiKillsKingz", "avatar": "e98510e8d1930136b47465fb79118adc", "avatar_decoration_data": null, "discriminator": "0", "public_flags": 0, "clan": null}}], "payments": [], "payment_sources": [], "guild_settings": [{"guild_id": null, "suppress_everyone": false, "suppress_roles": false, "mute_scheduled_events": false, "message_notifications": 0, "flags": 0, "mobile_push": true, "muted": false, "mute_config": null, "hide_muted_channels": false, "channel_overrides": [{"channel_id": "897483533675798579", "message_notifications": 0, "muted": false, "mute_config": null, "collapsed": false}, {"channel_id": "958516882883874867", "message_notifications": 0, "muted": false, "mute_config": null, "collapsed": false}, {"channel_id": "604832687466872854", "message_notifications": 0, "muted": false, "mute_config": null, "collapsed": false}, {"channel_id": "790623984281845790", "message_notifications": 0, "muted": false, "mute_config": null, "collapsed": false}, {"channel_id": "949501792759201834", "message_notifications": 0, "muted": false, "mute_config": null, "collapsed": false}, {"channel_id": "589492687724347393", "message_notifications": 0, "muted": false, "mute_config": null, "collapsed": false}, {"channel_id": "941451399793897512", "message_notifications": 0, "muted": false, "mute_config": null, "collapsed": false}, {"channel_id": "797287268208869426", "message_notifications": 0, "muted": false, "mute_config": null, "collapsed": false}, {"channel_id": "844691729873764353", "message_notifications": 0, "muted": false, "mute_config": null, "collapsed": false}, {"channel_id": "782932615636189194", "message_notifications": 0, "muted": false, "mute_config": null, "collapsed": false}, {"channel_id": "770761363470942260", "message_notifications": 0, "muted": false, "mute_config": null, "collapsed": false}, {"channel_id": "744724728735989913", "message_notifications": 0, "muted": false, "mute_config": null, "collapsed": false}, {"channel_id": "731286944021217324", "message_notifications": 0, "muted": false, "mute_config": null, "collapsed": false}, {"channel_id": "616764610543878150", "message_notifications": 0, "muted": false, "mute_config": null, "collapsed": false}, {"channel_id": "694012713583509574", "message_notifications": 0, "muted": false, "mute_config": null, "collapsed": false}, {"channel_id": "693982919978385419", "message_notifications": 0, "muted": false, "mute_config": null, "collapsed": false}, {"channel_id": "692110589824073799", "message_notifications": 0, "muted": false, "mute_config": null, "collapsed": false}, {"channel_id": "617095899277033604", "message_notifications": 0, "muted": false, "mute_config": null, "collapsed": false}, {"channel_id": "616725845087748101", "message_notifications": 0, "muted": false, "mute_config": null, "collapsed": false}, {"channel_id": "616725667886792754", "message_notifications": 0, "muted": false, "mute_config": null, "collapsed": false}, {"channel_id": "1283874122958635190", "message_notifications": 0, "muted": false, "mute_config": null, "collapsed": false}, {"channel_id": "1283874541000593421", "message_notifications": 0, "muted": false, "mute_config": null, "collapsed": false}, {"channel_id": "612336757836480521", "message_notifications": 0, "muted": false, "mute_config": null, "collapsed": false}], "notify_highlights": 0, "version": 38}, {"guild_id": "462709712807395330", "suppress_everyone": false, "suppress_roles": false, "mute_scheduled_events": false, "message_notifications": 0, "flags": 0, "mobile_push": true, "muted": false, "mute_config": null, "hide_muted_channels": false, "channel_overrides": [{"channel_id": "690980239068758166", "message_notifications": 3, "muted": true, "mute_config": {"end_time": "2020-04-05T20:33:36+00:00", "selected_time_window": null}, "collapsed": false}, {"channel_id": "584397288408088586", "message_notifications": 3, "muted": true, "mute_config": {"end_time": "2020-04-16T22:26:26+00:00", "selected_time_window": null}, "collapsed": false}, {"channel_id": "651194072219779092", "message_notifications": 3, "muted": false, "mute_config": null, "collapsed": true}], "notify_highlights": 0, "version": 3}, {"guild_id": "735792862897242112", "suppress_everyone": false, "suppress_roles": false, "mute_scheduled_events": false, "message_notifications": 0, "flags": 0, "mobile_push": true, "muted": false, "mute_config": null, "hide_muted_channels": true, "channel_overrides": [{"channel_id": "780833301820473414", "message_notifications": 3, "muted": false, "mute_config": null, "collapsed": true}], "notify_highlights": 0, "version": 41}, {"guild_id": "772913878089990185", "suppress_everyone": false, "suppress_roles": false, "mute_scheduled_events": false, "message_notifications": 1, "flags": 0, "mobile_push": true, "muted": false, "mute_config": null, "hide_muted_channels": false, "channel_overrides": [{"channel_id": "783552674339356713", "message_notifications": 3, "muted": false, "mute_config": null, "collapsed": true}, {"channel_id": "784945619369984040", "message_notifications": 3, "muted": false, "mute_config": null, "collapsed": true}, {"channel_id": "776976526209056769", "message_notifications": 3, "muted": false, "mute_config": null, "collapsed": true}, {"channel_id": "783444688400285696", "message_notifications": 3, "muted": false, "mute_config": null, "collapsed": true}, {"channel_id": "773259232787038298", "message_notifications": 3, "muted": false, "mute_config": null, "collapsed": true}, {"channel_id": "780939738462683177", "message_notifications": 3, "muted": true, "mute_config": null, "collapsed": false}], "notify_highlights": 0, "version": 11}], "library_applications": [], "entitlements": [], "user_activity_application_statistics": [], "notes": {}, "user_profile_metadata": {"user_id": "584739318875029517", "boosting_started_at": null, "premium_started_at": null, "legacy_username": "lawndartchief\ud83c\uddfa\ud83c\uddf8#6659"}, "application_user_role_connections": []}